{
  "by_category": [
    {
      "category": "Low (<30%)",
      "count": 3,
      "mean_minority_pct": 19.066666666666666,
      "mae": 2.6666666666666665,
      "mape": 7.0588235294117645,
      "bias": 7.0588235294117645,
      "mean_error_pct": 7.0588235294117645
    },
    {
      "category": "Medium (30-60%)",
      "count": 5,
      "mean_minority_pct": 47.14,
      "mae": 3.2,
      "mape": 9.862271062271061,
      "bias": -1.0710622710622715,
      "mean_error_pct": -1.0710622710622715
    },
    {
      "category": "High (>60%)",
      "count": 7,
      "mean_minority_pct": 72.74285714285715,
      "mae": 14.0,
      "mape": 41.11747005540538,
      "bias": -41.11747005540538,
      "mean_error_pct": -41.11747005540538
    }
  ],
  "equity_gap": {
    "best_group": "Low (<30%)",
    "worst_group": "High (>60%)",
    "best_group_mean": 7.058823529400001,
    "worst_group_mean": -41.11747005538571,
    "gap": 48.17629358478571,
    "gap_pct": -117.16745587676402,
    "statistically_significant": true,
    "p_value": 9.017506274103243e-09
  }
}