{
  "by_category": [
    {
      "category": "Low (<30%)",
      "count": 3,
      "mean_minority_pct": 19.066666666666666,
      "mae": 5.666666666666667,
      "mape": 13.193596526929861,
      "bias": 13.193596526929861,
      "mean_error_pct": 13.193596526929861
    },
    {
      "category": "Medium (30-60%)",
      "count": 5,
      "mean_minority_pct": 47.14,
      "mae": 3.4,
      "mape": 9.437666879617343,
      "bias": -2.536017330908972,
      "mean_error_pct": -2.536017330908972
    },
    {
      "category": "High (>60%)",
      "count": 7,
      "mean_minority_pct": 72.74285714285715,
      "mae": 13.857142857142858,
      "mape": 41.455499210934,
      "bias": -41.455499210934,
      "mean_error_pct": -41.455499210934
    }
  ],
  "equity_gap": {
    "best_group": "Low (<30%)",
    "worst_group": "High (>60%)",
    "best_group_mean": 13.193596526933334,
    "worst_group_mean": -41.455499210942854,
    "gap": 54.64909573787619,
    "gap_pct": -131.8259260606146,
    "statistically_significant": true,
    "p_value": 2.303125502445474e-08
  }
}