{
  "by_category": [
    {
      "category": "Low (<30%)",
      "count": 3,
      "mean_minority_pct": 19.066666666666666,
      "mae": 5.666666666666667,
      "mape": 13.356067064506961,
      "bias": 13.356067064506961,
      "mean_error_pct": 13.356067064506961
    },
    {
      "category": "Medium (30-60%)",
      "count": 5,
      "mean_minority_pct": 47.14,
      "mae": 4.2,
      "mape": 11.166774891774892,
      "bias": -5.154653679653679,
      "mean_error_pct": -5.154653679653679
    },
    {
      "category": "High (>60%)",
      "count": 7,
      "mean_minority_pct": 72.74285714285715,
      "mae": 14.714285714285714,
      "mape": 42.19880681605749,
      "bias": -42.19880681605749,
      "mean_error_pct": -42.19880681605749
    }
  ],
  "equity_gap": {
    "best_group": "Low (<30%)",
    "worst_group": "High (>60%)",
    "best_group_mean": 13.356067064500001,
    "worst_group_mean": -42.19880681604286,
    "gap": 55.554873880542864,
    "gap_pct": -131.65034291780586,
    "statistically_significant": true,
    "p_value": 6.011961377367492e-08
  }
}