{
  "ai_allocation": {
    "by_quintile": {
      "Q1 (Poorest)": 900000,
      "Q2": 500000,
      "Q3": 1050000,
      "Q4": 1050000,
      "Q5 (Richest)": 1475000
    },
    "per_capita": {
      "Q1 (Poorest)": 18.540645214453463,
      "Q2": 7.440476190476191,
      "Q3": 16.281089127333622,
      "Q4": 14.003921097907414,
      "Q5 (Richest)": 19.12107855846513
    },
    "disparate_impact_ratio": 0.9696443198935186,
    "gini_coefficient": 0.20198213288665556
  },
  "need_based_allocation": {
    "by_quintile": {
      "Q1 (Poorest)": 2175000,
      "Q2": 850000,
      "Q3": 1050000,
      "Q4": 650000,
      "Q5 (Richest)": 225000
    },
    "per_capita": {
      "Q1 (Poorest)": 44.80655926826253,
      "Q2": 12.648809523809524,
      "Q3": 16.281089127333622,
      "Q4": 8.669094012990303,
      "Q5 (Richest)": 2.9167746953590874
    },
    "disparate_impact_ratio": 15.361679919794542,
    "gini_coefficient": 0.20231729055258474
  },
  "comparison": {
    "equity_gap": 14.392035599901023,
    "gini_improvement": 0.0003351576659291755
  }
}