{
  "ai_allocation": {
    "by_quintile": {
      "Q1 (Poorest)": 400000,
      "Q2": 750000,
      "Q3": 775000,
      "Q4": 1575000,
      "Q5 (Richest)": 1475000
    },
    "per_capita": {
      "Q1 (Poorest)": 7.02543206407194,
      "Q2": 12.826652072786976,
      "Q3": 12.522621509824198,
      "Q4": 24.024161442364893,
      "Q5 (Richest)": 17.93400286944046
    },
    "disparate_impact_ratio": 0.3917380918926514,
    "gini_coefficient": 0.20198213288665556
  },
  "need_based_allocation": {
    "by_quintile": {
      "Q1 (Poorest)": 950000,
      "Q2": 1350000,
      "Q3": 925000,
      "Q4": 1425000,
      "Q5 (Richest)": 300000
    },
    "per_capita": {
      "Q1 (Poorest)": 16.685401152170858,
      "Q2": 23.087973731016554,
      "Q3": 14.946354705274043,
      "Q4": 21.73614606690157,
      "Q5 (Richest)": 3.6475938039539915
    },
    "disparate_impact_ratio": 4.574358343871482,
    "gini_coefficient": 0.18824609733700637
  },
  "comparison": {
    "equity_gap": 4.182620251978831,
    "gini_improvement": -0.013736035549649195
  }
}