{
  "naive_ai": {
    "correlation_with_potential": -0.3696114762134042,
    "rmse": 696.8540715196555,
    "bias_q1": -96.51066021040249,
    "bias_q5": -97.04542868838143,
    "detection_rate_high_suppression": 0.0
  },
  "sophisticated_ai": {
    "correlation_with_potential": 0.8941615811258656,
    "rmse": 399.09784099245644,
    "bias_q1": -52.548689815401794,
    "bias_q5": -48.99774733705172,
    "detection_rate_high_suppression": 100.0
  },
  "human_expert_baseline": {
    "correlation_with_potential": 0.85,
    "rmse": 60.0,
    "bias_q1": -5.0,
    "bias_q5": -5.0,
    "detection_rate_high_suppression": 80.0
  }
}