{
  "Q1 (Poorest)": {
    "stage1_potential": 100.0,
    "stage2_destinations": 80.61033113551409,
    "stage3_would_use_if_safe": 55.91549670327113,
    "stage4_actually_use": 3.48933978959751,
    "total_suppression_pct": 96.51066021040249
  },
  "Q2": {
    "stage1_potential": 100.0,
    "stage2_destinations": 81.65208173172014,
    "stage3_would_use_if_safe": 57.478122597580196,
    "stage4_actually_use": 2.673307261882002,
    "total_suppression_pct": 97.326692738118
  },
  "Q3": {
    "stage1_potential": 100.0,
    "stage2_destinations": 82.49456532926185,
    "stage3_would_use_if_safe": 58.74184799389276,
    "stage4_actually_use": 2.6940647137133804,
    "total_suppression_pct": 97.30593528628661
  },
  "Q4": {
    "stage1_potential": 100.0,
    "stage2_destinations": 83.31965082072702,
    "stage3_would_use_if_safe": 59.97947623109052,
    "stage4_actually_use": 2.5007728895029233,
    "total_suppression_pct": 97.49922711049707
  },
  "Q5 (Richest)": {
    "stage1_potential": 100.0,
    "stage2_destinations": 85.24790287489384,
    "stage3_would_use_if_safe": 62.871854312340744,
    "stage4_actually_use": 2.954571311618555,
    "total_suppression_pct": 97.04542868838143
  },
  "overall": {
    "stage1_potential": 100.0,
    "stage2_destinations": 88.0,
    "stage3_would_use_if_safe": 65.0,
    "stage4_actually_use": 2.8444319380198286,
    "total_suppression_pct": 97.15556806198016
  }
}