{
  "naive_ai": {
    "correlation_with_potential": -0.31326481631386827,
    "rmse": 708.0114774045217,
    "bias_q1": -96.00366937523894,
    "bias_q5": -96.25088235720062,
    "detection_rate_high_suppression": 0.0
  },
  "sophisticated_ai": {
    "correlation_with_potential": 0.8924926730664117,
    "rmse": 405.1663664257892,
    "bias_q1": -54.237671077797685,
    "bias_q5": -48.52230250751041,
    "detection_rate_high_suppression": 100.0
  },
  "human_expert_baseline": {
    "correlation_with_potential": 0.85,
    "rmse": 60.0,
    "bias_q1": -5.0,
    "bias_q5": -5.0,
    "detection_rate_high_suppression": 80.0
  }
}